<?xml version="1.0" encoding="utf-8"?>
<annotations>
  <version>1.1</version>
  <meta>
    <task>
      <id>7</id>
      <name>images</name>
      <size>4</size>
      <mode>annotation</mode>
      <overlap>0</overlap>
      <bugtracker></bugtracker>
      <created>2021-03-08 07:57:40.578556+00:00</created>
      <updated>2021-03-08 07:57:42.895219+00:00</updated>
      <start_frame>0</start_frame>
      <stop_frame>3</stop_frame>
      <frame_filter></frame_filter>
      <labels>
        <label>
          <name>person</name>
          <color>#c06060</color>
          <attributes>
          </attributes>
        </label>
        <label>
          <name>chair</name>
          <color>#604040</color>
          <attributes>
          </attributes>
        </label>
      </labels>
      <segments>
        <segment>
          <id>7</id>
          <start>0</start>
          <stop>3</stop>
          <url>httplocalhost:8080/?id=7</url>
        </segment>
      </segments>
      <owner>
        <username>hritik880</username>
        <email>hritikrastogi880@gmail.com</email>
      </owner>
      <assignee></assignee>
    </task>
    <dumped>2021-03-08 07:58:00.740493+00:00</dumped>
  </meta>
  <image id="3" name="room.jpeg" width="275" height="183">
  </image>
  <image id="2" name="r.jpeg" width="275" height="183">
  </image>
  <image id="1" name="object.jpeg" width="275" height="183">
  </image>
  <image id="0" name="face.jpeg" width="267" height="189">
  </image>
</annotations>