<?xml version="1.0" encoding="utf-8"?>
<annotations>
  <version>1.1</version>
  <meta>
    <task>
      <id>7</id>
      <name>images</name>
      <size>4</size>
      <mode>annotation</mode>
      <overlap>0</overlap>
      <bugtracker></bugtracker>
      <created>2021-03-08 07:57:40.578556+00:00</created>
      <updated>2021-03-08 08:06:14.592365+00:00</updated>
      <start_frame>0</start_frame>
      <stop_frame>3</stop_frame>
      <frame_filter></frame_filter>
      <labels>
        <label>
          <name>person</name>
          <color>#c06060</color>
          <attributes>
          </attributes>
        </label>
        <label>
          <name>chair</name>
          <color>#604040</color>
          <attributes>
          </attributes>
        </label>
      </labels>
      <segments>
        <segment>
          <id>7</id>
          <start>0</start>
          <stop>3</stop>
          <url>httplocalhost:8080/?id=7</url>
        </segment>
      </segments>
      <owner>
        <username>hritik880</username>
        <email>hritikrastogi880@gmail.com</email>
      </owner>
      <assignee></assignee>
    </task>
    <dumped>2021-03-08 08:06:26.292031+00:00</dumped>
  </meta>
  <image id="3" name="room.jpeg" width="275" height="183">
    <box label="chair" occluded="0" source="auto" xtl="2.00" ytl="137.00" xbr="60.00" ybr="182.00" z_order="0">
    </box>
    <box label="chair" occluded="0" source="auto" xtl="160.00" ytl="99.00" xbr="191.00" ybr="157.00" z_order="0">
    </box>
    <box label="chair" occluded="0" source="auto" xtl="217.00" ytl="124.00" xbr="271.00" ybr="177.00" z_order="0">
    </box>
    <box label="chair" occluded="0" source="auto" xtl="165.00" ytl="104.00" xbr="182.00" ybr="142.00" z_order="0">
    </box>
    <box label="chair" occluded="0" source="auto" xtl="178.00" ytl="95.00" xbr="212.00" ybr="163.00" z_order="0">
    </box>
    <box label="chair" occluded="0" source="auto" xtl="147.00" ytl="95.00" xbr="179.00" ybr="147.00" z_order="0">
    </box>
    <box label="chair" occluded="0" source="auto" xtl="148.00" ytl="97.00" xbr="165.00" ybr="136.00" z_order="0">
    </box>
    <box label="person" occluded="0" source="auto" xtl="226.00" ytl="80.00" xbr="275.00" ybr="150.00" z_order="0">
    </box>
  </image>
  <image id="2" name="r.jpeg" width="275" height="183">
    <box label="chair" occluded="0" source="auto" xtl="0.00" ytl="91.00" xbr="69.00" ybr="181.00" z_order="0">
    </box>
    <box label="chair" occluded="0" source="auto" xtl="70.00" ytl="75.00" xbr="146.00" ybr="154.00" z_order="0">
    </box>
    <box label="person" occluded="0" source="auto" xtl="136.00" ytl="34.00" xbr="228.00" ybr="179.00" z_order="0">
    </box>
  </image>
  <image id="1" name="object.jpeg" width="275" height="183">
    <box label="person" occluded="0" source="auto" xtl="85.00" ytl="52.00" xbr="119.00" ybr="181.00" z_order="0">
    </box>
    <box label="person" occluded="0" source="auto" xtl="159.00" ytl="69.00" xbr="190.00" ybr="162.00" z_order="0">
    </box>
    <box label="person" occluded="0" source="auto" xtl="124.00" ytl="63.00" xbr="154.00" ybr="166.00" z_order="0">
    </box>
    <box label="person" occluded="0" source="auto" xtl="49.00" ytl="68.00" xbr="85.00" ybr="176.00" z_order="0">
    </box>
  </image>
  <image id="0" name="face.jpeg" width="267" height="189">
    <box label="person" occluded="0" source="auto" xtl="169.00" ytl="13.00" xbr="265.00" ybr="189.00" z_order="0">
    </box>
    <box label="person" occluded="0" source="auto" xtl="0.00" ytl="20.00" xbr="139.00" ybr="189.00" z_order="0">
    </box>
    <box label="person" occluded="0" source="auto" xtl="79.00" ytl="1.00" xbr="225.00" ybr="189.00" z_order="0">
    </box>
    <box label="person" occluded="0" source="auto" xtl="112.00" ytl="10.00" xbr="204.00" ybr="116.00" z_order="0">
    </box>
  </image>
</annotations>