<?xml version="1.0" encoding="utf-8"?>
<annotations>
  <version>1.1</version>
  <meta>
    <task>
      <id>6</id>
      <name>h</name>
      <size>1</size>
      <mode>annotation</mode>
      <overlap>0</overlap>
      <bugtracker></bugtracker>
      <created>2021-03-08 06:50:25.083780+00:00</created>
      <updated>2021-03-08 07:42:21.031067+00:00</updated>
      <start_frame>0</start_frame>
      <stop_frame>0</stop_frame>
      <frame_filter></frame_filter>
      <labels>
        <label>
          <name>person</name>
          <color>#c06060</color>
          <attributes>
          </attributes>
        </label>
      </labels>
      <segments>
        <segment>
          <id>6</id>
          <start>0</start>
          <stop>0</stop>
          <url>httplocalhost:8080/?id=6</url>
        </segment>
      </segments>
      <owner>
        <username>hritik880</username>
        <email>hritikrastogi880@gmail.com</email>
      </owner>
      <assignee></assignee>
    </task>
    <dumped>2021-03-08 07:44:13.650639+00:00</dumped>
  </meta>
  <image id="0" name="object.jpeg" width="275" height="183">
    <box label="person" occluded="0" source="auto" xtl="124.00" ytl="63.00" xbr="154.00" ybr="166.00" z_order="0">
    </box>
    <box label="person" occluded="0" source="auto" xtl="49.00" ytl="68.00" xbr="85.00" ybr="176.00" z_order="0">
    </box>
    <box label="person" occluded="0" source="auto" xtl="159.00" ytl="69.00" xbr="190.00" ybr="162.00" z_order="0">
    </box>
    <box label="person" occluded="0" source="auto" xtl="85.00" ytl="52.00" xbr="119.00" ybr="181.00" z_order="0">
    </box>
  </image>
</annotations>